﻿<xml xmlns="http://www.w3.org/1999/xhtml" collection="false">
  <variables>
    <variable type="" id="yWG@H6([JJsA7C.#Ifp=">jmlLossWin</variable>
    <variable type="" id="B:Yyg4lG@RSbpD-hep$.">jmlLoss</variable>
    <variable type="" id="n@YvwY8x@W`*H-/ZO}XT">jmlWin</variable>
    <variable type="" id="]f+59w2m[cii7;Xl82)C">win%</variable>
    <variable type="" id="XtmF05bG8`6Qf_I+.fJd">loss%</variable>
  </variables>
  <block type="trade" id="xgH69|xFn9=70w.*3Vo@" x="0" y="0">
    <field name="MARKET_LIST">volidx</field>
    <field name="SUBMARKET_LIST">random_index</field>
    <field name="SYMBOL_LIST">R_10</field>
    <field name="TRADETYPECAT_LIST">callput</field>
    <field name="TRADETYPE_LIST">risefall</field>
    <field name="TYPE_LIST">both</field>
    <field name="CANDLEINTERVAL_LIST">60</field>
    <field name="TIME_MACHINE_ENABLED">FALSE</field>
    <field name="RESTARTONERROR">TRUE</field>
    <statement name="INITIALIZATION">
      <block type="variables_set" id="QZW)wU29CLY*DRPq9cU$">
        <field name="VAR" id="yWG@H6([JJsA7C.#Ifp=" variabletype="">jmlLossWin</field>
        <value name="VALUE">
          <block type="math_number" id="xK15UUejBHMNUx**k;S+">
            <field name="NUM">0</field>
          </block>
        </value>
        <next>
          <block type="variables_set" id="MfIK554mCGWu@x:e?Xa1">
            <field name="VAR" id="B:Yyg4lG@RSbpD-hep$." variabletype="">jmlLoss</field>
            <value name="VALUE">
              <block type="math_number" id="Rwvw}`:2#7tZ1$vi/b2z">
                <field name="NUM">0</field>
              </block>
            </value>
            <next>
              <block type="variables_set" id=",.M({L?~*01@w#{qbY?T">
                <field name="VAR" id="n@YvwY8x@W`*H-/ZO}XT" variabletype="">jmlWin</field>
                <value name="VALUE">
                  <block type="math_number" id="{WS.|Xq$$cGy_ee!UK(l">
                    <field name="NUM">0</field>
                  </block>
                </value>
              </block>
            </next>
          </block>
        </next>
      </block>
    </statement>
    <statement name="SUBMARKET">
      <block type="tradeOptions" id="x=V33~4Lb|(sLv`J[:Eb">
        <field name="DURATIONTYPE_LIST">t</field>
        <field name="CURRENCY_LIST">USD</field>
        <value name="DURATION">
          <shadow type="math_number" id="O*@58sDc=!cOO}*b2vf9">
            <field name="NUM">1</field>
          </shadow>
        </value>
        <value name="AMOUNT">
          <shadow type="math_number" id="ml)25~7^q}3I9}vjf:%K">
            <field name="NUM">1</field>
          </shadow>
        </value>
      </block>
    </statement>
  </block>
  <block type="before_purchase" id="i-CIx.(Onm4?ihxzA}Y]" x="0" y="481">
    <statement name="BEFOREPURCHASE_STACK">
      <block type="controls_if" id="MkRyo/xtY4:+EsMcH-ST">
        <mutation else="1"></mutation>
        <value name="IF0">
          <block type="check_direction" id="AATu#117#I^-XCp7^kEk">
            <field name="CHECK_DIRECTION">rise</field>
          </block>
        </value>
        <statement name="DO0">
          <block type="purchase" id="W6q#Z-I3q3d[d3-`S[dS">
            <field name="PURCHASE_LIST">CALL</field>
          </block>
        </statement>
        <statement name="ELSE">
          <block type="purchase" id="gxvdKK${u3mokAhSU1SQ">
            <field name="PURCHASE_LIST">PUT</field>
          </block>
        </statement>
      </block>
    </statement>
  </block>
  <block type="after_purchase" id="D^Jz1^n=2vtZku1vBN@;" x="0" y="681">
    <statement name="AFTERPURCHASE_STACK">
      <block type="controls_if" id="Kt1*]{Ad|Kau9hg[N1/h">
        <mutation else="1"></mutation>
        <value name="IF0">
          <block type="contract_check_result" id="l2Knd*7+af7BW[toF9I=">
            <field name="CHECK_RESULT">win</field>
          </block>
        </value>
        <statement name="DO0">
          <block type="math_change" id="4,xRRAv9@ZE:ieAQ3D=J">
            <field name="VAR" id="n@YvwY8x@W`*H-/ZO}XT" variabletype="">jmlWin</field>
            <value name="DELTA">
              <shadow type="math_number" id="GGxkg+6=In[/Aki/0^zp">
                <field name="NUM">1</field>
              </shadow>
            </value>
          </block>
        </statement>
        <statement name="ELSE">
          <block type="math_change" id="7-trm@A},6`01Rm@hpGB">
            <field name="VAR" id="B:Yyg4lG@RSbpD-hep$." variabletype="">jmlLoss</field>
            <value name="DELTA">
              <shadow type="math_number" id="||?jI,QpXFDy%qN4+H]Y">
                <field name="NUM">1</field>
              </shadow>
            </value>
          </block>
        </statement>
        <next>
          <block type="variables_set" id="E0H,^8q2F$(zPV~bil/N">
            <field name="VAR" id="yWG@H6([JJsA7C.#Ifp=" variabletype="">jmlLossWin</field>
            <value name="VALUE">
              <block type="math_arithmetic" id="fm|sqTD=8=|8,:mOg#[9">
                <field name="OP">ADD</field>
                <value name="A">
                  <shadow type="math_number" id="Pw/1/Nsfd)]mZkYv?Du@">
                    <field name="NUM">1</field>
                  </shadow>
                  <block type="variables_get" id="8/(]V:q7r3jg9AO.8FZn">
                    <field name="VAR" id="B:Yyg4lG@RSbpD-hep$." variabletype="">jmlLoss</field>
                  </block>
                </value>
                <value name="B">
                  <shadow type="math_number" id="p;eq_}]*|EtR*|_`kBn%">
                    <field name="NUM">1</field>
                  </shadow>
                  <block type="variables_get" id="STk,_gJ:K$}KtJn_OWl,">
                    <field name="VAR" id="n@YvwY8x@W`*H-/ZO}XT" variabletype="">jmlWin</field>
                  </block>
                </value>
              </block>
            </value>
            <next>
              <block type="variables_set" id="J),BDAwCu|-EEO+XT+Ra">
                <field name="VAR" id="]f+59w2m[cii7;Xl82)C" variabletype="">win%</field>
                <value name="VALUE">
                  <block type="math_arithmetic" id="J};R~E5Hyf`{=7d^qiGI">
                    <field name="OP">DIVIDE</field>
                    <value name="A">
                      <shadow type="math_number" id="Tm`kiwxqG[@l8v=u6LMS">
                        <field name="NUM">1</field>
                      </shadow>
                      <block type="math_round" id="p`rxUlh[1$6!Xc1^8j$H">
                        <field name="OP">ROUND</field>
                        <value name="NUM">
                          <shadow type="math_number" id="k~.Bftijfg2FjdwQii@7">
                            <field name="NUM">3.1</field>
                          </shadow>
                          <block type="math_arithmetic" id="ze4Rw$*t1ZC-K-+*.,M3">
                            <field name="OP">MULTIPLY</field>
                            <value name="A">
                              <shadow type="math_number" id="^bN7q.D%R|+5deynVE{`">
                                <field name="NUM">1</field>
                              </shadow>
                              <block type="math_arithmetic" id="pF}i?@!3K~X:46MQTb(}" collapsed="true">
                                <field name="OP">MULTIPLY</field>
                                <value name="A">
                                  <shadow type="math_number" id="i3@i|#X*6Z$y@!LwwFx*">
                                    <field name="NUM">1</field>
                                  </shadow>
                                  <block type="math_arithmetic" id="qDW-fuGuvv;U__X43:r4">
                                    <field name="OP">DIVIDE</field>
                                    <value name="A">
                                      <shadow type="math_number" id="/!]RkPV^.0v:5LDaSjcT">
                                        <field name="NUM">1</field>
                                      </shadow>
                                      <block type="variables_get" id="t8,%H@;rF@fw~:R!Hc[u">
                                        <field name="VAR" id="n@YvwY8x@W`*H-/ZO}XT" variabletype="">jmlWin</field>
                                      </block>
                                    </value>
                                    <value name="B">
                                      <shadow type="math_number" id="-Xvgskd_Yi0T:SH4LmHK">
                                        <field name="NUM">1</field>
                                      </shadow>
                                      <block type="variables_get" id="YG2t6={##LFXB:R4Q*1`">
                                        <field name="VAR" id="yWG@H6([JJsA7C.#Ifp=" variabletype="">jmlLossWin</field>
                                      </block>
                                    </value>
                                  </block>
                                </value>
                                <value name="B">
                                  <shadow type="math_number" id="DyBXF(#D4m|!PdHt(8[]">
                                    <field name="NUM">100</field>
                                  </shadow>
                                </value>
                              </block>
                            </value>
                            <value name="B">
                              <shadow type="math_number" id="E8/[*)aP,SA}7UY$AN%]">
                                <field name="NUM">100</field>
                              </shadow>
                            </value>
                          </block>
                        </value>
                      </block>
                    </value>
                    <value name="B">
                      <shadow type="math_number" id="_}J56.T$2Hf_J;Tn6?mt">
                        <field name="NUM">100</field>
                      </shadow>
                    </value>
                  </block>
                </value>
                <next>
                  <block type="variables_set" id="F`{QNmFPn[omddIi,PIz">
                    <field name="VAR" id="XtmF05bG8`6Qf_I+.fJd" variabletype="">loss%</field>
                    <value name="VALUE">
                      <block type="math_arithmetic" id="OZ/`U|bcw%A2~%vg-@^E">
                        <field name="OP">DIVIDE</field>
                        <value name="A">
                          <shadow type="math_number" id="Tm`kiwxqG[@l8v=u6LMS">
                            <field name="NUM">1</field>
                          </shadow>
                          <block type="math_round" id="xmKx%eOq4jI!?@17;;J?">
                            <field name="OP">ROUND</field>
                            <value name="NUM">
                              <shadow type="math_number" id="k~.Bftijfg2FjdwQii@7">
                                <field name="NUM">3.1</field>
                              </shadow>
                              <block type="math_arithmetic" id="WT*6s~BPIzHjAuw_vf)1">
                                <field name="OP">MULTIPLY</field>
                                <value name="A">
                                  <shadow type="math_number" id="^bN7q.D%R|+5deynVE{`">
                                    <field name="NUM">1</field>
                                  </shadow>
                                  <block type="math_arithmetic" id="g=7ytH?UO6*O8Up_Yd9v" collapsed="true">
                                    <field name="OP">MULTIPLY</field>
                                    <value name="A">
                                      <shadow type="math_number" id="i3@i|#X*6Z$y@!LwwFx*">
                                        <field name="NUM">1</field>
                                      </shadow>
                                      <block type="math_arithmetic" id=",NQ}1tTzFDkV{UyQ01AD">
                                        <field name="OP">DIVIDE</field>
                                        <value name="A">
                                          <shadow type="math_number" id="/!]RkPV^.0v:5LDaSjcT">
                                            <field name="NUM">1</field>
                                          </shadow>
                                          <block type="variables_get" id="JW2Y`/uEz|%TD7U$+yv+">
                                            <field name="VAR" id="B:Yyg4lG@RSbpD-hep$." variabletype="">jmlLoss</field>
                                          </block>
                                        </value>
                                        <value name="B">
                                          <shadow type="math_number" id="-Xvgskd_Yi0T:SH4LmHK">
                                            <field name="NUM">1</field>
                                          </shadow>
                                          <block type="variables_get" id="=k!q_$N9Wgc|fU4A4!Zt">
                                            <field name="VAR" id="yWG@H6([JJsA7C.#Ifp=" variabletype="">jmlLossWin</field>
                                          </block>
                                        </value>
                                      </block>
                                    </value>
                                    <value name="B">
                                      <shadow type="math_number" id="!|)II.bl#5B82}Lqg@^#">
                                        <field name="NUM">100</field>
                                      </shadow>
                                    </value>
                                  </block>
                                </value>
                                <value name="B">
                                  <shadow type="math_number" id=")A/-!EI9l.CO0fQiX,=|">
                                    <field name="NUM">100</field>
                                  </shadow>
                                </value>
                              </block>
                            </value>
                          </block>
                        </value>
                        <value name="B">
                          <shadow type="math_number" id="IW^H9K9%D0Oi.2aoMCop">
                            <field name="NUM">100</field>
                          </shadow>
                        </value>
                      </block>
                    </value>
                    <next>
                      <block type="notify" id="#U8Ef?rslb_!g.7G4S,P">
                        <field name="NOTIFICATION_TYPE">info</field>
                        <field name="NOTIFICATION_SOUND">silent</field>
                        <value name="MESSAGE">
                          <shadow type="text" id="2^B?*aiKEGxPVY8s[6yD">
                            <field name="TEXT">abc</field>
                          </shadow>
                          <block type="text_join" id="Rqkkm6)l%X33c8a{FS+/">
                            <mutation items="12"></mutation>
                            <value name="ADD0">
                              <block type="text" id="sZXXX:kx0XE:l1Xbwt6:">
                                <field name="TEXT">| Win : </field>
                              </block>
                            </value>
                            <value name="ADD1">
                              <block type="variables_get" id="vD:+0h@s@4j0]_VlNZLy">
                                <field name="VAR" id="n@YvwY8x@W`*H-/ZO}XT" variabletype="">jmlWin</field>
                              </block>
                            </value>
                            <value name="ADD2">
                              <block type="text" id="(u/[Rp]BUQP2PNejKN!i">
                                <field name="TEXT">/</field>
                              </block>
                            </value>
                            <value name="ADD3">
                              <block type="variables_get" id="N0qZTjP#yD#xyQ:`O.l(">
                                <field name="VAR" id="]f+59w2m[cii7;Xl82)C" variabletype="">win%</field>
                              </block>
                            </value>
                            <value name="ADD4">
                              <block type="text" id="8!Y_LS[}ELMdh-@-tV*G">
                                <field name="TEXT">%</field>
                              </block>
                            </value>
                            <value name="ADD5">
                              <block type="text" id="`B0rcODsJP,H8$}w4m??">
                                <field name="TEXT"> | Loss :  </field>
                              </block>
                            </value>
                            <value name="ADD6">
                              <block type="variables_get" id="_Qk;3dSlxr0o,;,RKe6D">
                                <field name="VAR" id="B:Yyg4lG@RSbpD-hep$." variabletype="">jmlLoss</field>
                              </block>
                            </value>
                            <value name="ADD7">
                              <block type="text" id="op5jqH7DYJBSV7$,Air?">
                                <field name="TEXT">/</field>
                              </block>
                            </value>
                            <value name="ADD8">
                              <block type="variables_get" id="{[hqsRSRZKp{AT]oYY4)">
                                <field name="VAR" id="XtmF05bG8`6Qf_I+.fJd" variabletype="">loss%</field>
                              </block>
                            </value>
                            <value name="ADD9">
                              <block type="text" id="?9wV{g5tIWjvA9U{Z:7M">
                                <field name="TEXT">%</field>
                              </block>
                            </value>
                            <value name="ADD10">
                              <block type="text" id="~2em5G]K|mN%@9fIv[}w">
                                <field name="TEXT"> | Total OP : </field>
                              </block>
                            </value>
                            <value name="ADD11">
                              <block type="variables_get" id="N+m8i42@w:Z@C?N,h+4p">
                                <field name="VAR" id="yWG@H6([JJsA7C.#Ifp=" variabletype="">jmlLossWin</field>
                              </block>
                            </value>
                          </block>
                        </value>
                        <next>
                          <block type="trade_again" id="c)S|KjoQdXc8l#J@5z3P"></block>
                        </next>
                      </block>
                    </next>
                  </block>
                </next>
              </block>
            </next>
          </block>
        </next>
      </block>
    </statement>
  </block>
</xml>