﻿<xml xmlns="http://www.w3.org/1999/xhtml" collection="false">
  <variables>
    <variable type="" id="#HQvwW=mEX#voN3@`^hJ">CounterTick</variable>
    <variable type="" id="c}Mz#e[`iakQm$rp}bYU">fnc:NewCandle</variable>
    <variable type="" id="Gj+Gjs9!9=nXYo9egv?T">fnc:OpenTime</variable>
  </variables>
  <block type="trade" id="xgH69|xFn9=70w.*3Vo@" x="0" y="0">
    <field name="MARKET_LIST">volidx</field>
    <field name="SUBMARKET_LIST">random_index</field>
    <field name="SYMBOL_LIST">R_10</field>
    <field name="TRADETYPECAT_LIST">callput</field>
    <field name="TRADETYPE_LIST">risefall</field>
    <field name="TYPE_LIST">both</field>
    <field name="CANDLEINTERVAL_LIST">60</field>
    <field name="TIME_MACHINE_ENABLED">FALSE</field>
    <field name="RESTARTONERROR">TRUE</field>
    <statement name="INITIALIZATION">
      <block type="variables_set" id="A6e]a4UbnjlW%lLz?XIL">
        <field name="VAR" id="#HQvwW=mEX#voN3@`^hJ" variabletype="">CounterTick</field>
        <value name="VALUE">
          <block type="math_number" id="SbNHUzy[)fP63J*a~Ln$">
            <field name="NUM">0</field>
          </block>
        </value>
      </block>
    </statement>
    <statement name="SUBMARKET">
      <block type="tradeOptions" id="x=V33~4Lb|(sLv`J[:Eb">
        <field name="DURATIONTYPE_LIST">t</field>
        <field name="CURRENCY_LIST">USD</field>
        <value name="DURATION">
          <shadow type="math_number" id="O*@58sDc=!cOO}*b2vf9">
            <field name="NUM">5</field>
          </shadow>
        </value>
        <value name="AMOUNT">
          <shadow type="math_number" id="ml)25~7^q}3I9}vjf:%K">
            <field name="NUM">1</field>
          </shadow>
        </value>
      </block>
    </statement>
  </block>
  <block type="tick_analysis" id="@_YiC?:1@MYz`7kKLsuL" collapsed="true" x="-10" y="413">
    <statement name="TICKANALYSIS_STACK">
      <block type="variables_set" id="_|ysK~}Z4a[71,p9zC55">
        <field name="VAR" id="c}Mz#e[`iakQm$rp}bYU" variabletype="">fnc:NewCandle</field>
        <value name="VALUE">
          <block type="logic_boolean" id="n*fK2mjnqALV#IlG!.a6">
            <field name="BOOL">FALSE</field>
          </block>
        </value>
        <next>
          <block type="controls_if" id="=qHbdAiIjE[d?jh.CvW3">
            <mutation elseif="1"></mutation>
            <value name="IF0">
              <block type="logic_negate" id="HBx1=1kOd)svw6s}m0z]">
                <value name="BOOL">
                  <block type="variables_get" id="8~Bxsf9z{q]Y#19Gi]Zq">
                    <field name="VAR" id="Gj+Gjs9!9=nXYo9egv?T" variabletype="">fnc:OpenTime</field>
                  </block>
                </value>
              </block>
            </value>
            <statement name="DO0">
              <block type="variables_set" id="1^Cph2=]v{CNP%0YWU8M">
                <field name="VAR" id="Gj+Gjs9!9=nXYo9egv?T" variabletype="">fnc:OpenTime</field>
                <value name="VALUE">
                  <block type="read_ohlc" id="h!9P#lmI2~{grTE%[2ti">
                    <field name="OHLCFIELD_LIST">epoch</field>
                    <field name="CANDLEINTERVAL_LIST">default</field>
                    <value name="CANDLEINDEX">
                      <shadow type="math_number" id="aS+qt4]Nd%:bjO{V9Q*V">
                        <field name="NUM">1</field>
                      </shadow>
                    </value>
                  </block>
                </value>
              </block>
            </statement>
            <value name="IF1">
              <block type="logic_compare" id="`snhup2K7-P_:NvRfqB}">
                <field name="OP">NEQ</field>
                <value name="A">
                  <block type="variables_get" id="R.ze$f330JT0gwStk|AM">
                    <field name="VAR" id="Gj+Gjs9!9=nXYo9egv?T" variabletype="">fnc:OpenTime</field>
                  </block>
                </value>
                <value name="B">
                  <block type="read_ohlc" id="3,=AkXFMIN@O30UAbCZC">
                    <field name="OHLCFIELD_LIST">epoch</field>
                    <field name="CANDLEINTERVAL_LIST">default</field>
                    <value name="CANDLEINDEX">
                      <shadow type="math_number" id="oA4F6V$cQeCplySVC#{f">
                        <field name="NUM">1</field>
                      </shadow>
                    </value>
                  </block>
                </value>
              </block>
            </value>
            <statement name="DO1">
              <block type="variables_set" id="dY,!r2`3TRP:ECaB|^GT">
                <field name="VAR" id="Gj+Gjs9!9=nXYo9egv?T" variabletype="">fnc:OpenTime</field>
                <value name="VALUE">
                  <block type="read_ohlc" id="x)@N1WR:zhAeMAQIcnzz">
                    <field name="OHLCFIELD_LIST">epoch</field>
                    <field name="CANDLEINTERVAL_LIST">default</field>
                    <value name="CANDLEINDEX">
                      <shadow type="math_number" id="6mW=K7QVc~OrMYF2iy`q">
                        <field name="NUM">1</field>
                      </shadow>
                    </value>
                  </block>
                </value>
                <next>
                  <block type="variables_set" id="HKFVcuon_rp5UeDk?@(%">
                    <field name="VAR" id="c}Mz#e[`iakQm$rp}bYU" variabletype="">fnc:NewCandle</field>
                    <value name="VALUE">
                      <block type="logic_boolean" id="+hZcd(lKH^u:Za4XBGKx">
                        <field name="BOOL">TRUE</field>
                      </block>
                    </value>
                  </block>
                </next>
              </block>
            </statement>
          </block>
        </next>
      </block>
    </statement>
  </block>
  <block type="procedures_defreturn" id="-|@@]uK{nsklMoxf=h#5" collapsed="true" x="-2" y="461">
    <field name="NAME">new candle</field>
    <comment pinned="false" h="80" w="160">New Candle block by Fruitfella</comment>
    <value name="RETURN">
      <block type="variables_get" id="JKymQG^nhT0[;JM%u?7D">
        <field name="VAR" id="c}Mz#e[`iakQm$rp}bYU" variabletype="">fnc:NewCandle</field>
      </block>
    </value>
  </block>
  <block type="before_purchase" id="i-CIx.(Onm4?ihxzA}Y]" x="0" y="574">
    <statement name="BEFOREPURCHASE_STACK">
      <block type="math_change" id="|_RU05b-a;(!T+snx7$A">
        <field name="VAR" id="#HQvwW=mEX#voN3@`^hJ" variabletype="">CounterTick</field>
        <value name="DELTA">
          <shadow type="math_number" id="4Qd_!(3w#1-F{Fq^RsFz">
            <field name="NUM">1</field>
          </shadow>
        </value>
        <next>
          <block type="controls_if" id="Z1I-gx;*$7{f0$S4,Blf">
            <value name="IF0">
              <block type="procedures_callreturn" id="=$jKPX-qp_`y_UW}IRHw">
                <mutation name="new candle"></mutation>
              </block>
            </value>
            <statement name="DO0">
              <block type="variables_set" id="p_$-Me.lZ+=-U!;61T}^">
                <field name="VAR" id="#HQvwW=mEX#voN3@`^hJ" variabletype="">CounterTick</field>
                <value name="VALUE">
                  <block type="math_number" id="[bmfwt1!]s4,6!^YKYns">
                    <field name="NUM">0</field>
                  </block>
                </value>
              </block>
            </statement>
            <next>
              <block type="controls_if" id=":5H+@sc0IGYSLf%5QJ[l">
                <value name="IF0">
                  <block type="logic_compare" id="/K:YgCbh/:+y0#!kLby{">
                    <field name="OP">EQ</field>
                    <value name="A">
                      <block type="variables_get" id="Ac2EX1t63@]V)5)olf!5">
                        <field name="VAR" id="#HQvwW=mEX#voN3@`^hJ" variabletype="">CounterTick</field>
                      </block>
                    </value>
                    <value name="B">
                      <block type="math_number" id="oCMZ7u{,GOpThpB~|=,~">
                        <field name="NUM">5</field>
                      </block>
                    </value>
                  </block>
                </value>
                <statement name="DO0">
                  <block type="notify" id="#lDHQnpU+K1-11RlH{w;">
                    <field name="NOTIFICATION_TYPE">success</field>
                    <field name="NOTIFICATION_SOUND">announcement</field>
                    <value name="MESSAGE">
                      <shadow type="text" id="Lt[gd6Sl/S})rT}mX0gt">
                        <field name="TEXT">abc</field>
                      </shadow>
                      <block type="text_join" id="JIp%cV9?dZ3@LfdPj(JQ">
                        <mutation items="2"></mutation>
                        <value name="ADD0">
                          <block type="text" id="7O7vTrT3K,/gHB$Hew//">
                            <field name="TEXT">| Tick Ke-</field>
                          </block>
                        </value>
                        <value name="ADD1">
                          <block type="variables_get" id="xA-zge]HI/vh3wMu(Sqo">
                            <field name="VAR" id="#HQvwW=mEX#voN3@`^hJ" variabletype="">CounterTick</field>
                          </block>
                        </value>
                      </block>
                    </value>
                  </block>
                </statement>
              </block>
            </next>
          </block>
        </next>
      </block>
    </statement>
  </block>
  <block type="after_purchase" id="D^Jz1^n=2vtZku1vBN@;" x="4" y="920">
    <statement name="AFTERPURCHASE_STACK">
      <block type="trade_again" id="c)S|KjoQdXc8l#J@5z3P"></block>
    </statement>
  </block>
</xml>